Actual,Predicted,Failure Probability,Risk Level
0,1,0.9221358768708574,Very High
0,0,0.10602199772832899,Low
0,0,0.20726576822587747,Low
0,0,4.601177123124476e-05,Low
0,0,0.02077971190070824,Low
0,0,0.0034284849953531414,Low
0,0,0.3086427527638657,Medium
0,0,0.03016440355032558,Low
0,0,0.00868960446123217,Low
0,0,0.09714406152900505,Low
0,0,0.1019623189574194,Low
0,0,0.10494433172220209,Low
0,0,0.0035804451987424438,Low
0,0,0.1060241853521725,Low
0,0,0.0012887706456415474,Low
0,0,0.17425568737934177,Low
0,0,0.024537214910432016,Low
1,1,0.9979695582477062,Very High
0,0,0.00540494442269861,Low
0,0,0.04908165522498192,Low
0,0,0.05115748583955015,Low
1,1,0.9957817197687321,Very High
0,0,0.003557995581181693,Low
0,0,0.09656854917434177,Low
0,0,0.008663795783839847,Low
0,0,0.03525640753537116,Low
0,0,0.06962016324510063,Low
0,0,0.0054943118367104665,Low
0,0,0.011271014106805201,Low
0,0,0.05541969433536593,Low
0,0,0.00015160622500032147,Low
0,0,0.20070272312660956,Low
0,0,0.009923381372491871,Low
0,0,0.08343576080225798,Low
0,0,0.09110683728451507,Low
0,0,0.03876995449940645,Low
0,0,0.00011183332897425398,Low
0,0,0.004586726898610151,Low
0,0,0.07361888492740003,Low
0,0,0.008966750524913391,Low
1,1,0.9995879743013955,Very High
0,0,0.21936559576306797,Low
0,0,0.012129583413686655,Low
1,1,0.9998929511579139,Very High
0,0,0.006143244941504085,Low
0,0,0.0053679589076304395,Low
0,0,0.46483310262318567,Medium
0,0,0.0054443765164644,Low
0,0,0.004930753500508607,Low
0,0,0.08195553312192091,Low
0,0,0.039414210322839136,Low
0,1,0.6477398863801642,High
0,0,0.14621545674620873,Low
0,0,0.01231532380195992,Low
0,0,0.0020998742291970336,Low
0,0,0.014218039549556064,Low
0,0,5.7161801464309616e-05,Low
0,0,0.03888318368802381,Low
0,0,0.0047658698013258016,Low
0,0,0.004200001723551486,Low
0,0,0.002111084921535973,Low
0,0,0.0061935465413514995,Low
0,0,0.0005826215970433576,Low
0,0,0.09287771829970266,Low
1,1,0.993432663617885,Very High
1,1,0.9993825591730104,Very High
0,0,0.0025140461814640667,Low
0,0,0.012263301985553924,Low
0,0,0.002370641347005776,Low
0,0,0.06397279952677547,Low
0,0,0.05245981298779833,Low
0,0,0.00018211501113001065,Low
0,0,0.015936379352672,Low
0,0,0.09769834567005937,Low
0,0,0.009121818807868389,Low
0,0,0.0015421685446691277,Low
0,0,0.0003835117649743624,Low
0,0,0.024360867696936975,Low
0,0,0.0012009002490927846,Low
0,0,0.025737162531782376,Low
0,0,0.03938029745507694,Low
0,0,0.1703580530223246,Low
0,0,0.030052276115656397,Low
0,0,0.023469326883572318,Low
0,0,0.11817425842633432,Low
0,0,0.0005968563917044625,Low
0,0,0.02324945308402058,Low
0,0,0.009198269025713876,Low
0,0,0.2454401259510783,Low
0,0,0.3117159598551114,Medium
0,0,0.05128171259051417,Low
0,0,0.0039180437411177466,Low
0,0,0.0256784975867356,Low
0,0,0.00018775006722126177,Low
0,0,0.0034599640595244226,Low
0,0,0.23035468924476368,Low
0,0,0.06591466141301262,Low
1,1,0.996956036702719,Very High
0,0,0.1400573982263316,Low
0,0,0.20377056749348846,Low
0,0,0.010069996989939977,Low
0,1,0.5492055621007835,High
0,0,0.0002682652652430696,Low
0,0,0.012669694043538574,Low
0,0,0.006308547526426397,Low
0,0,0.010232830205401947,Low
0,0,0.004117896992767818,Low
0,0,0.04254853236683754,Low
0,0,0.056707074107416405,Low
0,0,0.034041401680799534,Low
0,0,0.0020019770435904314,Low
0,0,0.1594437062267868,Low
0,0,0.13339948745063893,Low
0,0,0.11494573119353528,Low
0,0,0.00040914602768307435,Low
0,0,0.012511536069029161,Low
0,0,0.2199287677943276,Low
0,0,0.09269353598570332,Low
0,0,0.005445255758600192,Low
0,0,0.0013898553640729874,Low
0,0,0.014017133469462262,Low
1,1,0.9928895767699228,Very High
0,0,0.2101372817275587,Low
0,0,0.0013245205544721212,Low
0,0,0.00020332333879221714,Low
0,0,0.03616562508772487,Low
0,0,0.005467853484409376,Low
1,1,0.9540045946725296,Very High
0,0,0.042829698206227125,Low
0,0,0.06658093538362667,Low
0,0,0.0002314135061599713,Low
0,1,0.5891503105676001,High
0,0,0.0930642112040227,Low
0,0,0.035499753703921506,Low
0,0,0.003780106152424934,Low
0,0,0.02713415787835725,Low
0,0,0.02629221853841778,Low
0,0,0.0022856957880429216,Low
0,0,0.056847907667615334,Low
0,0,0.0049380020754155535,Low
0,0,0.0031679663114644865,Low
0,0,0.009388345761177617,Low
0,0,0.04531607006990567,Low
0,0,0.10803988366708737,Low
1,1,0.9949421750785391,Very High
0,0,0.03422220172291934,Low
0,0,0.45061017608727544,Medium
0,0,3.3377791811418505e-05,Low
0,0,0.051786254456275216,Low
0,0,0.004041878308030054,Low
0,0,1.2320419372829555e-05,Low
0,0,0.021148568402926487,Low
0,0,0.025526716258522795,Low
0,0,0.05416693289863146,Low
0,1,0.5284947187430676,High
0,0,0.02006951528456569,Low
0,0,0.05557223708972569,Low
0,0,0.009841814083036466,Low
0,0,0.02712672424254312,Low
1,1,0.9995916503816773,Very High
0,0,0.06748150442796794,Low
0,0,0.00904322349489907,Low
0,0,0.0026385275751262833,Low
0,0,0.21020303223774078,Low
0,0,0.05003948828683848,Low
0,0,0.050747750913225996,Low
0,0,0.0032094745391781135,Low
0,0,6.73140200891576e-05,Low
0,0,0.00011136595548910667,Low
0,0,0.025131238703135182,Low
0,0,0.1377653834500886,Low
0,0,0.3293325856492862,Medium
0,0,0.02717699771736299,Low
0,0,0.1825183324040051,Low
0,0,0.006545554307374669,Low
0,0,0.0002706131766010531,Low
0,0,0.05683049554015522,Low
0,0,3.2130940599792836e-05,Low
0,0,0.4433257055460834,Medium
0,0,0.0049159027811900985,Low
0,0,0.0013114997407189936,Low
0,0,0.009542855808226083,Low
0,0,0.11361204443073764,Low
0,0,0.007603317260345578,Low
0,0,0.005512051370994882,Low
0,0,0.4592865879623563,Medium
0,0,0.009901749591764554,Low
0,0,0.3070079975340722,Medium
0,0,0.15127344691122693,Low
0,0,0.0033774209321414867,Low
0,0,0.01511731927172942,Low
0,0,0.012818445055374432,Low
0,0,0.34558383873775955,Medium
0,0,0.020754379634783035,Low
0,0,0.025857971313324603,Low
0,0,0.027348559153707302,Low
0,0,0.014938487873533277,Low
0,0,0.10393773972530825,Low
0,0,0.01593545271183474,Low
0,0,0.007236858858992296,Low
0,0,0.3216608015315402,Medium
0,0,0.12245529947212008,Low
0,0,7.270145471177402e-05,Low
0,0,0.0039865721759467145,Low
0,0,0.31506805116397935,Medium
0,0,0.14859064017451737,Low
0,0,0.006757367792678109,Low
0,0,0.007661598228183,Low
0,0,0.01576480134206581,Low
0,0,0.0859380344193115,Low
0,0,0.03310365020596762,Low
0,0,0.0006413342410220972,Low
0,0,0.026753809633712815,Low
0,0,0.05315089002570569,Low
0,0,0.01835563309236257,Low
0,0,0.01465510227394982,Low
0,0,0.02552986961415087,Low
0,0,0.032675950689208894,Low
0,0,0.05430023275469951,Low
0,0,0.014740904755854666,Low
0,0,0.028821339490062898,Low
0,0,0.01459427863835905,Low
1,1,0.998096679677234,Very High
0,0,0.008469100152177342,Low
0,0,0.023790430646110913,Low
0,0,0.09496821039794472,Low
0,0,0.011677082054973545,Low
0,0,0.04419117756372088,Low
0,0,0.13722896708085666,Low
0,0,0.0016407617873468651,Low
0,0,0.05271431640545896,Low
0,0,0.4639494355739087,Medium
0,0,0.00010342883296355853,Low
0,0,0.06280423872035726,Low
0,0,0.01664219309627971,Low
0,0,0.02929472336091503,Low
0,0,0.02078491881847779,Low
0,0,0.07075414851242158,Low
0,0,0.044239807450021665,Low
0,0,0.022037761317482602,Low
0,0,0.04480349377259086,Low
0,0,0.007932522402854943,Low
0,0,0.013601353622255244,Low
0,0,0.02566055998429677,Low
0,0,0.06660554558745883,Low
0,0,0.003871699796714478,Low
0,0,0.2576330102109258,Medium
0,0,0.049532289813923706,Low
0,0,0.14469847458982266,Low
0,0,0.005104984034764799,Low
0,0,0.3316991069439369,Medium
0,0,0.02994898740464172,Low
0,0,0.3702900951978911,Medium
0,0,0.04803393727752638,Low
0,0,0.14986378632195516,Low
0,0,0.001111499151115385,Low
0,0,0.3976947213420881,Medium
0,0,0.008644658749345864,Low
0,0,0.08450624733026216,Low
0,0,0.020839213836094692,Low
0,0,0.15350866765724833,Low
0,0,0.01567850645825611,Low
0,0,0.004920990442334232,Low
0,0,0.3639429326402926,Medium
0,0,0.016991551388817187,Low
0,0,0.010353588085885155,Low
0,0,0.029935381325538996,Low
0,0,0.09073997549744481,Low
0,0,0.0171794864350526,Low
0,0,0.03865091848010857,Low
0,0,0.019800298244283226,Low
0,0,0.19292535728117446,Low
0,0,0.020844786780797476,Low
0,0,0.04638259983568532,Low
0,0,0.0026971222717804256,Low
0,0,0.029959168673273365,Low
0,0,0.049418524721425855,Low
0,0,0.06283578695139846,Low
0,0,0.04868610796611425,Low
0,0,0.04541040638955281,Low
0,0,0.06952099313601796,Low
0,0,0.010380656365687987,Low
0,0,0.3193110748044216,Medium
0,0,0.02145567711593179,Low
0,0,0.16200530531380627,Low
0,0,0.035442842043416044,Low
0,0,0.008839957625689614,Low
0,0,0.3879165717233583,Medium
0,0,0.018473481454018503,Low
0,0,0.08684098585073124,Low
0,0,0.002832655504624608,Low
0,0,9.756738347393447e-05,Low
0,0,0.11563964378249235,Low
0,0,0.04729935136920831,Low
0,0,0.07070897334223082,Low
0,0,0.22897541108359415,Low
0,0,0.0001555885518984838,Low
0,0,0.03459674565529074,Low
0,0,0.027245850030928404,Low
0,0,0.03060842256769206,Low
0,0,0.03136471970838133,Low
0,0,0.11250908497468468,Low
0,0,0.33956819091489565,Medium
0,0,0.17096655837424285,Low
0,0,0.007131793239972183,Low
0,0,0.0071986181707597045,Low
0,0,0.0005548281751188278,Low
0,0,0.08430298832452124,Low
0,0,0.010273673828830774,Low
0,0,0.005405073813061399,Low
0,0,0.006079891506184359,Low
0,0,0.06613020322035644,Low
0,0,0.09533162518029782,Low
0,0,0.16652069844911158,Low
0,0,0.008639607378528622,Low
0,0,0.4879248520506811,Medium
0,0,0.07964665011052256,Low
0,0,0.0005607544114562724,Low
0,0,0.04823498014440981,Low
0,0,0.3303533648488246,Medium
0,0,0.005240085483273456,Low
0,0,0.09309686068170006,Low
0,0,0.004082544355767852,Low
0,0,0.04223229956095801,Low
0,0,0.019370499756249073,Low
0,0,0.0055629400111374865,Low
0,0,0.0036429522790769817,Low
0,0,0.14992571572747843,Low
0,0,0.003235066853786353,Low
0,0,0.022798160878906005,Low
0,0,0.0013263591097111582,Low
0,0,0.0970919821146271,Low
0,0,0.00612301257655034,Low
0,0,0.002596351529520887,Low
0,0,0.11308332998526427,Low
0,0,0.20934004773541212,Low
0,0,0.08142536831708941,Low
0,0,0.24295073575558013,Low
0,0,0.002565558441019445,Low
0,0,0.29254119260442696,Medium
0,0,0.012969158186048792,Low
0,0,0.010577173477967492,Low
1,1,0.9992099986808135,Very High
0,0,0.002810853967085862,Low
0,0,0.0031249400260283753,Low
0,0,0.18532273444011588,Low
1,1,0.9606296102751968,Very High
0,0,0.02877272115613949,Low
0,0,0.022182164406928048,Low
0,0,0.029501694534800026,Low
0,0,0.003713521238892903,Low
0,0,0.00508395769443516,Low
0,0,0.06701091999203201,Low
0,0,0.02493352340102955,Low
0,1,0.6117956695461115,High
0,0,0.006788887443690031,Low
0,0,0.0033321346984089913,Low
0,0,0.19102659750342546,Low
0,0,0.09146060953976212,Low
0,0,0.04233671819964479,Low
0,0,0.2399656637580306,Low
0,0,0.010724599788606584,Low
0,0,0.010995147013455452,Low
0,0,0.00037542358051617674,Low
0,0,0.00451015893356073,Low
0,0,0.023049955992496436,Low
0,0,0.17881493517518005,Low
0,0,0.023070063683308117,Low
0,0,0.011012698529285625,Low
0,0,0.1813444157269418,Low
0,0,0.009192702510970348,Low
0,0,0.0014014189774081225,Low
0,0,0.0001474883139360264,Low
0,0,0.0001365951755518926,Low
0,0,0.3240209262129299,Medium
0,0,0.006548622412612823,Low
0,0,0.00764953806175193,Low
0,0,0.05999985165334544,Low
0,0,0.004866315467233394,Low
0,0,0.0017967354180635517,Low
0,0,0.008845350963978737,Low
0,0,0.008093658335195339,Low
0,0,0.13638885916591187,Low
0,0,0.09162261543963689,Low
0,0,0.0070009463172954894,Low
0,0,0.19707964073528444,Low
0,1,0.6763826536698611,High
0,0,0.004457789566385274,Low
1,1,0.9998808530710165,Very High
0,0,0.019886847345553918,Low
0,0,0.008495555524123026,Low
0,0,0.004264280994762846,Low
0,0,0.13654221184370544,Low
0,0,0.21186223355180123,Low
0,0,0.005530721740357068,Low
0,0,0.0012757959066681194,Low
0,0,0.014628098399172182,Low
0,0,0.011269460252885654,Low
0,0,0.0007419775437596223,Low
0,0,0.00534199355707631,Low
0,0,0.09927241813017824,Low
0,0,0.0037141360624766175,Low
0,0,0.005476312621539314,Low
0,0,0.04471294202321824,Low
0,0,0.00011812523085770665,Low
0,0,0.0011843774015537077,Low
0,0,0.05600737622166285,Low
0,0,0.07838742476649439,Low
0,0,0.011245176049382005,Low
0,0,0.07102842953412726,Low
0,0,0.0038295954033981307,Low
0,0,0.00415395363777186,Low
0,0,0.07340553749071878,Low
0,0,0.09257965104704614,Low
0,0,0.4026559995520429,Medium
0,0,0.094983163224141,Low
0,0,0.0001851244329843769,Low
0,0,0.005223731858707936,Low
0,0,0.028776262173928688,Low
0,0,0.04426043202488748,Low
0,0,0.36840443968276715,Medium
0,0,0.30106798285756736,Medium
0,0,0.03522680552511337,Low
0,0,0.04873367027628413,Low
0,0,0.012071579395994372,Low
0,0,0.01783089966137973,Low
0,0,0.05384763897703225,Low
0,0,0.20005918660051433,Low
0,0,0.007167765472568821,Low
0,0,0.04680912533682235,Low
0,1,0.5027354551173379,High
0,0,0.04780782223300169,Low
0,0,0.011999438789781103,Low
0,0,0.10134099430282838,Low
0,0,0.10537856349488,Low
0,0,0.03650472784642501,Low
0,0,0.007848629349834445,Low
0,0,0.34906016729674594,Medium
0,0,0.0036776472780714812,Low
0,0,0.0936846343513261,Low
0,0,0.1016694753876543,Low
0,0,0.015482883250291724,Low
0,0,0.007187919355034317,Low
0,1,0.6673788217763875,High
0,0,0.03371533793555695,Low
0,0,0.009176184827829488,Low
0,0,0.04510911022760522,Low
0,0,0.08286652958491325,Low
0,1,0.5425585629993007,High
0,0,0.05399999843886786,Low
0,0,0.00023664669508235812,Low
0,0,0.10439960241416185,Low
0,0,0.2179539200083887,Low
0,0,0.11467794395369145,Low
0,0,0.015996328576509417,Low
0,0,0.00015429201134191007,Low
0,0,0.016749228666279002,Low
0,0,0.004912614261463601,Low
0,0,0.02101158715878731,Low
0,0,0.09393646549833552,Low
0,0,0.35928595519830225,Medium
0,0,0.0017299418492189424,Low
0,0,0.00010010185241030305,Low
0,0,0.004949394114591938,Low
0,0,0.09350271274660416,Low
0,1,0.5462255010085232,High
0,0,0.0015929698462623966,Low
0,0,0.027011004688994873,Low
0,0,0.14214122619689276,Low
0,0,0.19505124135535476,Low
0,0,0.016723953253365714,Low
0,0,0.005623196641986959,Low
0,0,0.0037445002507205316,Low
0,0,0.0861440603825906,Low
0,0,0.05933430966651156,Low
0,0,0.04913965242021475,Low
0,0,0.009932498556911034,Low
0,0,0.11076059177858354,Low
0,0,0.0016196021608179544,Low
0,0,0.09155304636306048,Low
0,0,0.0062900383633088435,Low
0,0,0.03219307531746258,Low
0,0,0.0905189555426951,Low
0,0,0.04318716427301356,Low
0,0,0.006653227871628856,Low
0,0,0.01640815907285561,Low
0,0,0.11168815697460442,Low
0,0,0.025653834993651533,Low
0,0,0.02021599027421585,Low
0,0,0.0020630089983661093,Low
0,0,0.18143807473944504,Low
0,0,0.013460597175460588,Low
0,0,0.0037313155774978844,Low
0,0,0.2262343353652382,Low
0,0,0.0902057719523338,Low
0,0,0.038617748572340044,Low
0,0,0.18710067008801284,Low
0,0,0.0035705421620191857,Low
0,0,0.00788629856469509,Low
0,0,0.20911614310560922,Low
0,0,0.0007267827852091549,Low
0,0,0.23407448632823974,Low
1,1,0.9991140345533033,Very High
1,1,0.9995015282675196,Very High
0,0,0.004803787469941815,Low
0,0,0.03918532072679217,Low
0,0,0.0002211000921476126,Low
0,0,0.058638811591591226,Low
0,1,0.8057358903204931,Very High
0,0,0.013660066297653045,Low
0,0,8.802516792114495e-05,Low
0,0,0.0031753077776663775,Low
0,0,0.016504456754929068,Low
0,0,0.10712086920494607,Low
0,0,0.013887481033102805,Low
0,1,0.7532387894836131,Very High
0,0,0.007738050742279911,Low
0,0,0.03573772678235098,Low
0,0,0.10691698915308315,Low
0,0,0.005763161462675503,Low
0,0,0.0194404629609486,Low
0,0,0.2121075641092133,Low
0,0,0.006560363385195208,Low
0,0,0.11947188762495217,Low
1,1,0.9942768195227975,Very High
0,0,0.16074391545088088,Low
0,0,0.004654092317084703,Low
0,0,0.3566358577247243,Medium
0,1,0.7483393818168954,High
0,0,0.03372529664987107,Low
0,0,0.03206329140367181,Low
0,0,0.0886620192841085,Low
0,0,0.027273962550279533,Low
0,0,0.15824921339872727,Low
0,0,5.566382149969323e-05,Low
0,0,0.003707103436697957,Low
0,0,0.2726973874477802,Medium
0,0,0.00471405416131844,Low
0,0,0.04272876764193249,Low
0,0,0.1911029486531009,Low
0,0,0.0020123602187828277,Low
0,0,0.10406928575175502,Low
0,0,0.008886513496257754,Low
0,0,0.011227892976427886,Low
0,0,0.06893758876847329,Low
0,0,0.002030048280105285,Low
0,0,2.4010063582167853e-05,Low
0,0,0.03546136087181255,Low
0,0,0.11363433725510157,Low
1,1,0.9973090685424122,Very High
0,0,0.0038089839823364116,Low
0,0,0.27118025933978024,Medium
0,0,0.059056046592003836,Low
0,0,0.019624209435381627,Low
0,0,0.02638838993959354,Low
0,0,0.009592931221624653,Low
0,0,0.27849508789115757,Medium
0,0,0.003167228773700361,Low
0,0,0.01686367352451081,Low
0,0,0.01054327485338998,Low
0,0,0.026731869666402876,Low
0,0,0.02524707556414401,Low
1,1,0.9999144822513946,Very High
0,0,0.0002871077616801839,Low
0,0,0.022125815179745618,Low
0,0,0.008300220799938973,Low
0,0,0.0055917337441388154,Low
0,0,0.057622365780441206,Low
0,0,0.003392687490502583,Low
0,0,0.39821622735422957,Medium
0,0,0.10641245254232332,Low
0,0,0.060411442332358796,Low
0,0,0.02983061655436729,Low
0,0,0.06545161122907496,Low
0,0,0.0004069477950309749,Low
0,0,0.03183825662176918,Low
0,0,0.07582877541254882,Low
0,0,0.004849042706498359,Low
0,0,0.036287009627799946,Low
0,0,0.0073936067017617985,Low
0,0,0.0026377087695772464,Low
0,0,0.0082371265750494,Low
0,0,0.04293551933739962,Low
0,0,0.01842747118025184,Low
0,0,0.14387622357762592,Low
0,0,0.014694042165549679,Low
0,1,0.5163908124453365,High
0,0,0.00495788788524151,Low
0,0,0.01284002901616905,Low
0,0,0.03673887545653716,Low
0,0,0.09894927592919017,Low
0,0,0.17012653641440598,Low
0,0,0.0014042433426771311,Low
0,0,0.0002692401594237272,Low
0,0,0.010382779112647487,Low
0,0,0.0003220944842919518,Low
0,0,0.01938534365586663,Low
0,0,0.007938389163801253,Low
0,0,0.002712145403551852,Low
0,0,0.010430993638346183,Low
0,0,0.1474567677008675,Low
0,1,0.5988177399645677,High
0,0,0.001991682993139428,Low
0,0,0.028049506515674266,Low
0,0,0.00011918224468071578,Low
1,1,0.9993618340114447,Very High
0,0,0.0036180479320277823,Low
0,0,0.07275051874204,Low
0,0,0.06686589542301485,Low
0,0,0.10991925501380671,Low
0,0,0.011361100207160853,Low
0,0,0.04531459876377943,Low
0,0,0.017744290840545053,Low
0,0,0.1650009517989478,Low
0,0,0.08636883077089388,Low
0,0,0.00012482145431118104,Low
0,0,0.21352953627155746,Low
0,0,0.03825718898277427,Low
0,0,0.004224502194650689,Low
0,0,0.0006256799563622781,Low
0,0,0.027460626265815545,Low
0,0,0.007055147004505789,Low
0,0,0.00045411907248129387,Low
0,0,0.033630508274430586,Low
0,0,0.00022172106640156643,Low
0,0,0.061069156472712924,Low
0,0,0.16979543880402945,Low
0,0,0.00930038663901562,Low
0,0,0.025323708314310946,Low
0,0,0.00019070539187668724,Low
0,0,0.005240886485828647,Low
0,0,0.006456945917561176,Low
0,0,0.08640877745087486,Low
0,0,0.03436878406114059,Low
0,0,0.032794416222620394,Low
0,0,0.010733361274688295,Low
0,0,4.761180157591571e-05,Low
0,1,0.6711555180047559,High
0,0,0.013531017450598782,Low
0,0,0.005220505698301555,Low
0,0,0.034835003210727314,Low
0,0,0.11418957968918193,Low
0,0,0.011050778555442314,Low
0,0,0.09159958997435626,Low
1,1,0.9977160301026858,Very High
1,1,0.9997411702046264,Very High
0,0,0.00012681932335551074,Low
0,0,0.07007394218764197,Low
0,0,0.004597968684669553,Low
0,0,0.05669918659767895,Low
0,0,0.01199456985515488,Low
0,0,5.0621798370930105e-05,Low
0,0,0.023346444121221218,Low
0,0,0.011698399796872766,Low
0,0,0.05465492621744953,Low
0,0,0.01674616514951836,Low
0,0,0.14752810180633835,Low
0,0,0.016422808629272645,Low
0,0,0.11045407939079512,Low
0,0,0.4976563278744255,Medium
0,0,0.0005776685689181184,Low
0,1,0.6540312915771394,High
0,0,0.04521846834706192,Low
0,0,0.16114447903393608,Low
0,0,0.004965409134511421,Low
0,0,0.057656502593294016,Low
1,1,0.9903209351368699,Very High
0,0,0.011868781363665527,Low
0,0,0.011525840125658186,Low
0,0,0.016324493533418173,Low
0,0,0.001483024769907442,Low
0,0,0.29639246588154394,Medium
0,0,0.0625931012365514,Low
0,0,0.002206665098252117,Low
1,1,0.9983736208392782,Very High
0,0,0.12195125421109058,Low
0,0,0.011096949969607939,Low
0,0,0.008795311569072938,Low
0,0,0.16094592275784164,Low
0,0,0.063056062932269,Low
0,0,0.026707543905135977,Low
0,0,0.0376013086340949,Low
0,0,0.028469636406317805,Low
0,0,0.055818096093492656,Low
0,0,0.18558084819816215,Low
0,0,0.10556283134110189,Low
0,0,0.03844945641747793,Low
0,0,0.002119553157566652,Low
0,0,0.034752481113334545,Low
0,0,0.13797026729496312,Low
0,0,0.2574722334845024,Medium
0,0,0.00559367492368213,Low
1,1,0.999998918518353,Very High
0,0,0.05564162145294065,Low
0,0,0.48118648748839493,Medium
0,0,0.40272622638894023,Medium
0,0,0.0016441839555867974,Low
0,0,0.06396272081287692,Low
0,0,0.1491223348366631,Low
0,0,0.04552587094423457,Low
0,0,0.05390676221408396,Low
0,0,0.002801225905557876,Low
0,0,0.14053003225413863,Low
0,0,0.024470291543178854,Low
0,0,0.00017149129686167355,Low
0,0,0.001397816788057806,Low
0,0,0.023754707045278555,Low
0,0,0.2773142142020946,Medium
0,0,0.011554233713654225,Low
0,0,0.006822540187347894,Low
0,0,0.04689540270014287,Low
0,0,0.0059402247069680805,Low
0,0,0.013248416437896733,Low
0,0,2.0381407311183974e-05,Low
0,0,0.03142258434830833,Low
0,0,0.14424795166358773,Low
0,0,0.12260957430227336,Low
0,0,0.026924973820684702,Low
0,0,0.24162602812984305,Low
0,0,0.0075652852333525965,Low
0,0,0.0035125607996026854,Low
0,0,0.3530580056940765,Medium
0,0,0.013776987884085998,Low
0,0,0.06578074766329475,Low
0,0,0.02943101331282141,Low
0,0,0.02081402083528321,Low
0,0,0.0004107956731260149,Low
0,0,0.15729975741132332,Low
0,0,0.010371500252261202,Low
0,0,0.006604036323288297,Low
0,0,0.053789618302613994,Low
0,0,0.012446313846554237,Low
0,0,0.012002389653601696,Low
0,0,0.20735172893675333,Low
0,0,0.02374608665444995,Low
0,0,0.012193975437802032,Low
0,0,0.027317931467329373,Low
0,0,0.05126353303185992,Low
0,0,0.018812179470431817,Low
0,0,0.004965594916574679,Low
0,0,0.03934915260236283,Low
0,0,0.007904977315526945,Low
0,0,0.029523255414616343,Low
0,0,5.998827365781807e-05,Low
0,0,0.006383668406026426,Low
0,0,0.03489217356244876,Low
0,0,0.29686864262441814,Medium
0,0,0.00574504281427511,Low
0,0,0.006574202463857272,Low
0,0,0.033717290377831645,Low
0,0,8.333635351575914e-05,Low
0,0,0.09212686156291683,Low
0,0,0.037276005099564156,Low
0,0,0.03850937650359011,Low
0,0,0.21332446642573227,Low
0,0,0.007531622193363994,Low
0,0,0.00613111900328964,Low
0,1,0.7975517162583461,Very High
0,0,0.0070729959498007965,Low
0,0,0.05237060321455741,Low
0,0,0.14945779509966098,Low
0,0,0.020369149503747887,Low
0,0,0.0038663388532461773,Low
0,0,0.053463781322899195,Low
0,0,0.000228873402208271,Low
0,0,0.005337236420928606,Low
0,0,0.013887426250499704,Low
0,0,0.07057910927572249,Low
0,0,0.08146878939426748,Low
0,0,0.0870222631482718,Low
0,0,0.012440170071264247,Low
0,0,0.0330536202155089,Low
0,0,0.05160392157844026,Low
0,0,0.19287690329649718,Low
0,0,0.009839256211588094,Low
0,0,0.3566309023273413,Medium
1,1,0.9996019141813343,Very High
0,0,0.010564945070134947,Low
0,0,0.07519075142143243,Low
1,1,0.9873879807355705,Very High
0,0,0.08235573419111906,Low
0,0,0.005635105172681076,Low
1,1,0.9947162952716614,Very High
0,0,0.44667878811271516,Medium
0,0,0.007486944520190451,Low
0,0,0.3602936527136049,Medium
0,0,0.019301785527784967,Low
0,0,0.0007804855948185495,Low
0,0,0.2186243642160616,Low
0,0,0.008992553456059512,Low
0,0,0.14960421845617605,Low
0,0,0.0586806219079469,Low
0,0,0.006854855957338006,Low
1,1,0.9919807675650955,Very High
0,0,0.0018328602988806405,Low
0,0,0.019503752132875227,Low
0,0,0.018808919310615596,Low
0,0,0.02688118888574221,Low
0,0,0.010524151798071368,Low
0,1,0.5497250714415204,High
0,0,0.001359097726242778,Low
1,1,0.9966779253331342,Very High
0,0,0.06648657110499716,Low
0,0,0.06502110788625333,Low
0,0,0.013859306341289228,Low
0,0,0.01570904796584613,Low
0,0,0.0007723450086565547,Low
0,0,0.031830320300589514,Low
0,1,0.851977642355033,Very High
0,0,0.017894322600405722,Low
0,0,0.049345921072420175,Low
0,0,0.03701610186238475,Low
0,0,0.057166607001389924,Low
0,0,0.016265819288279925,Low
0,0,0.0942927905423442,Low
0,0,0.012490800546202014,Low
0,0,0.0018216142915963441,Low
0,0,0.48171708466590896,Medium
0,0,0.017938290711009695,Low
0,0,0.03821663108336216,Low
0,0,0.339238805837864,Medium
0,1,0.5469390927546033,High
0,0,0.00010622576435209067,Low
0,0,0.006077126013369676,Low
0,0,0.00472902868818083,Low
0,0,0.004367342118919325,Low
0,0,0.019823958178237715,Low
0,0,0.09232811799719844,Low
1,1,0.9974782490520356,Very High
0,0,0.03816768453744166,Low
0,0,0.0035190275056346965,Low
0,1,0.5670135089783908,High
0,0,0.2717049801670093,Medium
0,0,0.01212366353948252,Low
0,0,0.002325463753854162,Low
0,0,0.0029515130052723253,Low
0,0,0.20831533838290506,Low
0,0,0.08390547161229016,Low
0,0,0.02998199593498486,Low
0,0,0.01436562616135085,Low
0,0,0.00035138634638431996,Low
0,0,0.0467011670108335,Low
0,0,0.2013394634698772,Low
0,0,0.13241577004888602,Low
0,0,0.1966245084011078,Low
0,0,0.014205158648839004,Low
0,0,0.016709221790416107,Low
0,0,0.028187249582307054,Low
0,0,0.03946203526290006,Low
0,0,0.10848893472726755,Low
0,0,0.0047286954804420704,Low
0,0,0.021631733494130466,Low
0,0,0.0025833591171174376,Low
0,0,0.1067096737538647,Low
0,0,0.08129250497983238,Low
0,0,0.062524459829349,Low
0,0,0.32546423347936454,Medium
0,0,0.000629326269987944,Low
0,0,0.020976622898001528,Low
0,0,0.020139538563278207,Low
0,0,0.005990976464726649,Low
0,0,0.04364682743865279,Low
0,0,0.24342295477795534,Low
0,0,0.14450088283575468,Low
0,0,0.31066937859057236,Medium
0,0,0.004697830180490759,Low
0,0,0.06942085044650917,Low
0,0,4.486962111977452e-05,Low
0,0,0.00031413154835284056,Low
0,0,0.028686237134383393,Low
0,0,0.0036531828580410705,Low
0,0,0.21474653675824246,Low
0,0,0.021628155633519268,Low
0,0,0.0012710322692079596,Low
0,0,0.26886924205428747,Medium
0,0,0.13089981029006356,Low
0,0,0.011512997303904416,Low
0,0,0.03069312769438238,Low
0,0,0.01481511306759533,Low
0,0,0.00506899291601263,Low
0,0,0.022736082541917443,Low
0,0,0.038629236318357234,Low
0,0,0.005426014755246592,Low
0,0,0.18907831522521015,Low
0,0,0.008499056643413985,Low
0,0,0.09183219370155435,Low
1,1,0.9949937904390723,Very High
0,0,0.22964308265116828,Low
0,0,0.07893624776276294,Low
0,0,0.2671871386044901,Medium
0,0,0.008945395626147228,Low
0,0,0.013873143445231372,Low
0,0,0.029200465445841085,Low
0,0,0.032151642558479354,Low
0,1,0.6783770857143484,High
0,0,0.31722233664674077,Medium
0,0,0.05267923298080486,Low
0,0,0.005691451080951718,Low
0,0,0.007516846282349454,Low
0,0,0.24920841021918883,Low
0,0,0.013187162293292063,Low
0,0,0.000447247241816776,Low
0,0,0.014892044008894607,Low
0,0,0.0659084113757044,Low
0,0,0.04389895680257457,Low
0,0,0.019957426801374724,Low
0,0,0.05771717894500358,Low
0,0,0.13298420080657616,Low
0,0,0.0034161702455493717,Low
0,0,0.00044598000933598685,Low
0,0,0.01981344189620374,Low
0,0,0.03903250337856066,Low
0,0,0.0616665660579894,Low
0,0,0.05066879274160779,Low
0,0,0.018975220643817802,Low
0,0,0.007068511341364947,Low
0,0,0.016421778122840968,Low
0,0,0.03441052784676862,Low
0,0,0.020682174272562834,Low
1,1,0.9990287699454756,Very High
1,1,0.998761943672534,Very High
0,0,0.021018032939629512,Low
0,0,0.07186389581492758,Low
0,1,0.873239569872916,Very High
0,0,0.3118585643789986,Medium
0,0,0.01516517661739639,Low
0,0,0.006982067892580478,Low
0,0,0.0933695790435036,Low
0,1,0.5540215550807437,High
0,0,0.0015202321859854484,Low
0,0,0.048148007751788006,Low
1,1,0.9930465115388749,Very High
0,0,0.033131781752367494,Low
0,0,0.04544286667336097,Low
0,0,0.04979693130092241,Low
0,0,0.4187615928589068,Medium
0,0,0.01201938053931454,Low
0,0,0.02114712274265662,Low
0,0,0.15687176343010603,Low
0,0,0.07076696206883709,Low
0,0,0.06018852824605586,Low
0,0,0.369399640037941,Medium
0,0,0.007871325325860271,Low
0,0,0.0008586062708190848,Low
0,0,0.09312789463924799,Low
0,0,0.16107164321034254,Low
0,0,0.11135959523532657,Low
0,0,0.0028667191500403107,Low
0,0,0.01804904060694349,Low
0,0,0.004147895162274919,Low
0,0,4.4826162168801493e-05,Low
0,0,0.0029605802354742495,Low
0,0,0.01590489434218575,Low
0,0,0.0595537512744612,Low
0,0,0.00046997859768391106,Low
0,0,0.011749807147605627,Low
0,0,0.09479061639197925,Low
0,0,0.007023694792588921,Low
0,1,0.7324784722810709,High
0,0,0.046556301671028026,Low
0,0,0.00904294070343887,Low
0,0,0.026861086112464422,Low
0,0,0.18783630417827268,Low
1,1,0.6519414371713996,High
0,0,0.010847026261949557,Low
0,0,0.1547122474106473,Low
0,0,0.0012092958188669712,Low
0,0,0.09549594868140497,Low
0,0,0.36033736469473615,Medium
1,1,0.9952460869488752,Very High
0,0,0.016957176461627674,Low
0,0,0.13996542221958544,Low
0,0,0.14847462761691527,Low
0,0,0.04206125103982284,Low
0,0,0.08522387447599818,Low
0,0,0.00011068167984360045,Low
0,0,0.0008992911162317067,Low
0,0,0.0002106521545725592,Low
0,0,0.012709964799225242,Low
0,0,0.013128759044463735,Low
0,0,0.003474037977669407,Low
0,0,0.008687429458568822,Low
0,0,0.06708072061680997,Low
0,0,0.00013666135521120398,Low
0,0,0.041468738476033044,Low
0,0,0.3486457622900565,Medium
0,0,0.009059812301069866,Low
0,0,0.2396692955254577,Low
0,0,0.1491526400742032,Low
0,0,0.05720327763123527,Low
0,0,0.11679935044974123,Low
0,0,0.04063489893006091,Low
0,0,0.03456343300095533,Low
0,0,0.05865653977676942,Low
0,0,0.03193994536549301,Low
0,0,0.005277979108975722,Low
0,0,0.11648407307416274,Low
0,0,0.01472249388105915,Low
0,0,0.041591370308551555,Low
0,1,0.7658884414491689,Very High
0,0,0.02974828958615784,Low
0,0,0.0003598277201582594,Low
0,0,0.12578409538329582,Low
0,0,0.1192143395919838,Low
0,0,0.07376911087192334,Low
0,0,0.45731676865380877,Medium
0,0,0.04762800833303699,Low
0,0,0.04091244667708316,Low
0,0,0.09839562321726669,Low
0,0,0.008312620348604171,Low
0,0,0.014087159620745748,Low
0,0,0.12128112005167387,Low
0,0,0.07420104514179711,Low
0,0,0.2578326783976366,Medium
0,0,0.19097883437130084,Low
0,1,0.5646506039546522,High
0,0,0.005710140278764469,Low
0,0,0.002115011530258005,Low
0,0,0.10187590324010817,Low
0,0,0.0027019924790070505,Low
0,0,0.04597005294082647,Low
0,0,0.011662770683321404,Low
0,0,0.011386397201712355,Low
0,0,0.01378649898180024,Low
0,0,0.0885235615629321,Low
0,0,0.030063533816182503,Low
0,0,0.044019599622297456,Low
0,0,0.0503943434721543,Low
0,0,0.025662312478478506,Low
0,0,0.0038847081747085174,Low
0,0,0.027772559727915955,Low
0,0,0.2860388797785308,Medium
0,0,0.12781879767809293,Low
0,0,0.00030113568018141576,Low
0,0,0.4404117063497074,Medium
0,0,0.02220689395196378,Low
0,0,0.013638605240321552,Low
0,0,0.347595900522107,Medium
0,0,0.006266985441457598,Low
0,0,0.011833824985306666,Low
0,0,0.011597218826965178,Low
0,0,0.00207478164789819,Low
0,0,0.0020082671832815776,Low
0,0,0.1876888333416154,Low
0,0,0.14593021892224134,Low
1,1,0.8287550464942538,Very High
0,0,0.022182278670530867,Low
0,0,0.1064618888683916,Low
0,0,0.0625560224804827,Low
0,0,0.0002928554489440031,Low
0,1,0.7974260219829357,Very High
0,0,0.007689190186105829,Low
0,0,0.4095965619757643,Medium
0,0,4.850537801974276e-05,Low
0,0,0.009596592615027573,Low
0,0,0.2069940970610506,Low
0,0,0.02364912859192972,Low
0,0,0.24042172797493214,Low
0,0,0.22146491663101917,Low
0,0,0.003114509822838921,Low
0,0,0.10873540834261493,Low
0,0,0.1134927243428667,Low
0,0,0.08570474792813176,Low
0,0,0.010105682094673319,Low
0,1,0.5151846136122491,High
0,0,0.002458010557523645,Low
0,0,0.0451412443257398,Low
0,0,0.16485864597725639,Low
0,0,0.03128242382509515,Low
0,0,0.0003171854111117394,Low
0,0,0.2307314443597207,Low
0,0,0.0001177656281705482,Low
0,0,0.21929984367650548,Low
0,0,0.27599113857541124,Medium
0,0,0.00015134743050565147,Low
0,0,0.15223540155791368,Low
0,0,2.232180035654952e-05,Low
0,0,0.012104129992660495,Low
0,0,0.10222422334698383,Low
0,0,0.003405423035078071,Low
0,0,0.02216638284172408,Low
0,0,0.0034013585680807987,Low
0,0,1.2958781398317332e-05,Low
0,0,0.07230808214049306,Low
0,0,0.00028362710677453247,Low
0,0,0.00481914836631405,Low
0,0,0.04860946254616795,Low
0,0,0.015505364100475242,Low
1,1,0.9998466634176023,Very High
0,0,0.17491367306178943,Low
0,0,0.03827901683156394,Low
0,0,0.15272052927100016,Low
0,0,0.4246022900675776,Medium
0,1,0.6326707902635555,High
0,0,0.009317583150488596,Low
0,1,0.7702690244644682,Very High
0,0,0.21935918894591183,Low
0,0,0.13900426681925823,Low
0,0,0.0060562358957006995,Low
0,0,0.020975040313451612,Low
0,0,0.009745082584768612,Low
0,0,0.12262798456099142,Low
0,0,0.20574799710301672,Low
0,0,0.047010582616722765,Low
0,0,0.031038104428524373,Low
0,0,0.020739741659012757,Low
0,0,0.2455133847531812,Low
0,0,0.02418010716970515,Low
0,0,0.008860461391733668,Low
0,0,0.0026351765611113275,Low
0,0,0.1825404948092518,Low
0,0,0.3887271946487931,Medium
0,0,0.0017244105640817275,Low
0,0,0.013398553792372163,Low
0,0,0.029256591791699083,Low
0,0,0.02156938664054578,Low
0,0,0.03901836581776224,Low
0,0,0.17546084840678575,Low
0,0,0.009088578203138869,Low
0,0,0.041290425370614774,Low
0,0,0.0011471642205472937,Low
0,0,0.1664595530847509,Low
0,0,0.00711167209741898,Low
0,0,0.21296972104409592,Low
0,0,0.021518383676071038,Low
0,0,0.011041767538069595,Low
0,0,0.01634771016092503,Low
0,0,0.19847740148206816,Low
0,0,0.07438891768065016,Low
0,0,0.182338342928303,Low
0,0,0.016811119777687292,Low
0,0,0.04709976229025152,Low
0,0,0.0008773398390053195,Low
0,0,0.00023644904910152096,Low
0,0,0.15789643419190205,Low
0,0,0.019885134497103857,Low
0,0,0.0036091065792897377,Low
0,1,0.6807940645884951,High
0,0,0.10764155836951989,Low
0,0,0.40472632228342326,Medium
0,0,0.012480715243341626,Low
0,0,0.022272767726685218,Low
0,0,0.10010961591904897,Low
0,0,0.08875571575081159,Low
0,0,6.585830315185294e-05,Low
0,0,0.01010890854249474,Low
0,0,0.0020964421027459892,Low
0,0,0.04663883865216859,Low
0,0,0.00011584369206799972,Low
0,0,0.005485350318470479,Low
0,0,0.043020632721332004,Low
0,0,0.021738266643263008,Low
0,0,0.2635920072972306,Medium
0,0,0.008329178334452693,Low
0,0,0.026043122918587167,Low
0,0,0.00034155625324937863,Low
0,0,0.0012155644984096702,Low
0,0,0.1364041153773623,Low
0,0,0.024156130871142857,Low
0,0,0.003125833228526205,Low
0,0,0.008551338540686178,Low
0,0,0.015673563990156146,Low
0,0,0.0004801166072775711,Low
0,0,0.029890864053348936,Low
0,0,0.011519894690210706,Low
0,0,0.071263729459792,Low
0,0,0.22186197077246575,Low
0,0,0.01558608045898911,Low
0,0,0.009427801813811027,Low
0,0,0.0003070774309910612,Low
0,0,0.13997779273570465,Low
0,0,0.07918787497362817,Low
0,0,0.004453940561840402,Low
0,0,0.005126538129940557,Low
0,0,0.022342628408813646,Low
0,0,0.00017745890541620237,Low
0,0,0.01798323330518247,Low
0,0,0.26264867156348787,Medium
1,1,0.9989896114491937,Very High
0,0,0.0013305973377441566,Low
0,0,0.007472898634176281,Low
0,0,0.00037550519147801974,Low
0,0,0.005783955848962472,Low
0,0,3.64942396806717e-05,Low
0,0,0.048503398091644945,Low
0,0,0.3978374152790418,Medium
0,0,0.18338618871131868,Low
0,0,0.0003291485191907329,Low
0,0,0.017921797047865496,Low
1,1,0.9993057828585638,Very High
0,0,0.004464481088748744,Low
0,0,0.2905804037544052,Medium
0,0,0.04320016290373415,Low
0,0,0.2563771478039772,Medium
0,0,6.049852474534103e-05,Low
0,0,0.07376565644109269,Low
0,0,0.14486967678590465,Low
0,0,0.018696947043917247,Low
0,0,0.042648734629291016,Low
0,0,0.006000560930868447,Low
0,1,0.571582304869473,High
0,0,0.010228750042862247,Low
0,0,0.09274327617786017,Low
0,0,0.0344710553627003,Low
0,0,0.006553280910153572,Low
0,0,0.056394935508007935,Low
0,0,0.10701006792692244,Low
0,0,0.002774522352564694,Low
0,0,0.07190405183844865,Low
0,0,0.01522764923994676,Low
0,0,0.006991422351309686,Low
0,0,0.47617620773993213,Medium
0,0,0.05108157726648514,Low
0,0,0.08855775508124958,Low
0,0,0.24551384609891397,Low
0,0,0.05859383058280798,Low
0,1,0.5212909138858407,High
0,0,0.4328193630951123,Medium
0,0,0.1742813521960798,Low
0,0,0.022305598327924236,Low
0,0,0.1541249306051734,Low
0,0,0.06287581548261445,Low
0,0,0.052281635678982315,Low
0,0,0.009000103160850186,Low
0,0,0.001231737903303462,Low
1,1,0.9997862777530904,Very High
0,0,0.001027550191688164,Low
0,0,0.011747286799718782,Low
1,1,0.9924191803366706,Very High
0,0,0.02209849511664593,Low
0,0,0.04404757443776951,Low
0,0,0.004095090984687299,Low
0,0,0.02104118013764102,Low
0,0,0.024408762909444028,Low
0,0,0.008898696059259784,Low
0,0,0.00015243158010161135,Low
0,0,0.13002261674963644,Low
0,1,0.9153664047999811,Very High
0,0,0.004037207834781564,Low
0,0,0.0018050888510252408,Low
0,0,0.18591330161785544,Low
0,0,0.01937621700025513,Low
0,0,0.015492772244628816,Low
0,0,0.046246055592100856,Low
0,0,0.06032582440403755,Low
0,0,0.009294725618536531,Low
0,0,0.003578639676640033,Low
0,0,0.0001056566980059115,Low
0,0,0.14021494912505417,Low
0,0,0.27116610210732817,Medium
0,0,0.45180420770094437,Medium
0,1,0.5319495099859972,High
0,0,0.29120642790683027,Medium
0,0,0.004542342151377083,Low
0,0,0.06144003334443884,Low
0,0,0.02632576446520385,Low
0,0,0.0866622422792496,Low
0,0,0.002187261135052737,Low
0,1,0.6912633870950224,High
0,0,0.001504052291222772,Low
0,0,0.13265583578578286,Low
0,0,0.01108539760891876,Low
0,0,0.005076957013963375,Low
0,0,0.03898620652356469,Low
0,0,0.055334756531066114,Low
0,0,0.015347405642138972,Low
0,0,0.20546757929904466,Low
0,0,0.15638445694082848,Low
0,0,7.230614763466442e-05,Low
0,0,0.03405839765594234,Low
0,0,0.022019115034041494,Low
1,1,0.998982010084524,Very High
0,0,0.23361820403134512,Low
0,0,0.11188620870663513,Low
0,0,0.021519936325282294,Low
0,0,0.009614785015174359,Low
0,0,0.017896582604589286,Low
0,0,0.21244187659532343,Low
0,1,0.5996080597836736,High
0,0,0.0037421654258653165,Low
0,0,0.011782849500894647,Low
0,0,0.07401317352217844,Low
0,0,0.006743490241077616,Low
0,0,0.06857110248986306,Low
0,0,0.019098916003142993,Low
0,0,0.017102666483617645,Low
0,0,0.23197715097173435,Low
0,0,6.776278615992792e-05,Low
0,0,0.04418396895251073,Low
0,0,0.11637842637397096,Low
0,0,0.0106142061408168,Low
0,1,0.7023418226505809,High
0,0,0.14928064010788564,Low
1,1,0.9938620636990944,Very High
0,0,0.012439578993415664,Low
0,0,0.009918140594226884,Low
0,0,2.6309096897298526e-05,Low
0,0,0.32991796981436644,Medium
0,0,0.013738440528450484,Low
0,0,0.05316941900613794,Low
0,0,0.03868712555252839,Low
0,0,0.16301582667943434,Low
0,0,0.27546240528565213,Medium
0,0,0.4375546854086923,Medium
0,0,0.009256551860592195,Low
0,0,0.01637050013962921,Low
0,0,0.005288289728529958,Low
0,0,0.025963327582859384,Low
0,0,0.05173161369093292,Low
0,0,0.03868838826639564,Low
0,0,0.03829544658080952,Low
0,0,0.025769021888499874,Low
0,0,0.1259944407624926,Low
0,0,0.004235761286846077,Low
0,0,0.00011079003284355809,Low
0,0,0.0021386685544235316,Low
0,0,0.0016218733376796041,Low
0,0,0.15844342210527335,Low
0,0,0.011644062394799913,Low
0,0,0.022429888141711977,Low
0,0,0.0019749542061823122,Low
0,0,0.004562117837917544,Low
1,1,0.9942133667819775,Very High
0,0,0.04607023297776284,Low
0,0,0.08362620783948654,Low
0,0,0.06290568505647574,Low
0,0,0.12280216975881927,Low
1,0,0.45407908455307217,Medium
0,0,0.3848391450196307,Medium
0,0,0.38814482519429894,Medium
0,0,0.0027051734355216157,Low
0,0,0.02610378833907799,Low
0,0,0.03863963688136816,Low
0,0,0.061178814730471015,Low
0,0,0.08704160427112158,Low
0,0,0.0028659683721826298,Low
0,0,0.02566543070991028,Low
0,0,0.02383454224125873,Low
0,0,0.12591377979227833,Low
0,1,0.606782126883382,High
0,0,0.052858819041460586,Low
0,0,4.360789602670002e-05,Low
0,0,0.03679519856865826,Low
0,0,0.039723169686659315,Low
0,0,0.042994505333137374,Low
0,0,0.01812445126094078,Low
0,0,0.009835440393592802,Low
0,0,0.009690103947758287,Low
0,0,0.11117292603309396,Low
0,0,0.009446581972232245,Low
0,0,0.03849194247080901,Low
0,0,0.03554900447250439,Low
0,0,0.006828980228888908,Low
0,0,0.021650615037333964,Low
0,0,0.008690873671915468,Low
0,0,0.09439751450301935,Low
0,0,0.4551865240862816,Medium
0,0,0.008596109356353122,Low
0,0,0.053196119871214254,Low
0,0,0.02461001037878807,Low
0,0,0.002805043399244832,Low
0,0,0.0013515855940809916,Low
0,0,0.009048870532257836,Low
0,0,0.3786047829285293,Medium
1,1,0.9975175154079946,Very High
0,0,0.005598821643362908,Low
0,0,0.024955942047717238,Low
0,0,0.13302626104031226,Low
0,0,0.005358023609564664,Low
0,0,0.046965590184326736,Low
0,0,0.054675320535849024,Low
0,0,0.17431106802954774,Low
0,0,0.24894422897516474,Low
0,0,0.05515946970413154,Low
0,0,0.0001442787283025859,Low
0,0,0.008735481888372578,Low
0,0,0.0032870806074882107,Low
0,0,0.002021184877786926,Low
0,0,0.28084713674205863,Medium
0,0,0.0022242655355624312,Low
0,0,0.004649130762403031,Low
0,0,0.0005090657768085632,Low
0,0,0.004266675314604554,Low
0,0,0.06025120364687376,Low
0,0,0.10384484452393936,Low
0,0,0.05923662982971061,Low
0,0,0.14233130796717602,Low
0,0,0.02031441861230425,Low
0,0,0.010419099616612124,Low
0,0,0.03717095983424899,Low
0,0,0.32485944907945324,Medium
0,0,0.052153893463644144,Low
0,0,0.004193249324701967,Low
0,0,0.0012420299120226377,Low
0,0,0.2569692995237688,Medium
0,0,0.09638113464558706,Low
0,1,0.6015208710293599,High
0,0,0.3614275540004866,Medium
0,0,0.027117880205611206,Low
0,0,0.05429897642588416,Low
0,0,0.000421345604904363,Low
0,0,0.010706738094196878,Low
0,0,0.031045703238870095,Low
0,0,0.007003586696776548,Low
0,0,0.03693362547166526,Low
0,0,0.01953724337133969,Low
0,0,0.38990246771256304,Medium
0,0,3.8902812725471416e-05,Low
0,0,0.10951243163278995,Low
0,0,0.006090580824286586,Low
0,0,0.05689502640648492,Low
0,1,0.7764056125025937,Very High
0,0,0.18176593775383848,Low
0,0,0.3652483659888249,Medium
1,1,0.972942866582549,Very High
0,0,0.10582522613857466,Low
0,0,0.007274310807277217,Low
0,0,0.009469181555763992,Low
0,0,0.16863707737328454,Low
0,0,0.005526548526176117,Low
0,0,0.004427377581560562,Low
0,1,0.7474161056727993,High
0,0,0.01271661094998298,Low
0,0,0.008589894435744653,Low
0,0,0.04248907934708045,Low
0,0,0.033482070609996674,Low
0,0,0.09773514451941727,Low
0,0,0.05143342607166226,Low
0,0,0.0036654397302545998,Low
0,0,0.00954310077935713,Low
0,0,0.006163237073548773,Low
0,0,5.956762081946851e-05,Low
0,0,0.11220376771380221,Low
0,0,0.07534443227452677,Low
0,0,0.028957257948944194,Low
0,0,0.03865937519705421,Low
0,0,0.017433582010384526,Low
0,0,0.05498333003398393,Low
1,1,0.9996959282633524,Very High
0,0,0.028537404396519243,Low
0,0,0.03485704228447012,Low
0,0,0.0039054601539839236,Low
0,0,0.007448297077637463,Low
0,0,0.004737300969220253,Low
0,0,0.011245838507114263,Low
0,0,0.006601631459268518,Low
0,1,0.5015496517481238,High
0,0,0.0029456290958870006,Low
0,0,0.0012287244309373464,Low
0,0,0.017157813699400344,Low
0,0,0.05314974796359902,Low
0,0,0.08437226021696592,Low
0,0,0.04833995919627971,Low
0,0,0.008847147712946195,Low
0,0,0.11753456537227559,Low
0,0,0.054284772581448974,Low
0,0,0.014677084575747708,Low
0,0,0.00041972029777189487,Low
0,0,0.09274383412985465,Low
0,0,0.050670401896280096,Low
0,0,0.03370110148400567,Low
0,0,0.0002354935205394296,Low
0,0,0.10448399946273948,Low
0,0,0.007001875132954702,Low
0,0,0.0027565187797306953,Low
0,0,0.06962334647369019,Low
0,0,0.01783281133716472,Low
0,0,0.031483755486275085,Low
0,0,0.05121780369082352,Low
0,0,0.032715388373255445,Low
0,0,0.009296701341046584,Low
0,0,0.19534132491290804,Low
0,0,0.024091073955118825,Low
0,0,0.34777007030866497,Medium
0,0,0.12609877329774788,Low
0,0,0.16910577952792,Low
0,0,0.006123372305995309,Low
0,0,0.0032105479287451786,Low
0,0,0.008018458279035101,Low
0,0,0.03514164714960115,Low
0,0,0.006446801343070872,Low
1,1,0.9994724390566618,Very High
0,0,0.01663502021363271,Low
0,0,0.0004211190198863739,Low
0,0,0.12249701997840855,Low
0,0,0.10839086474848458,Low
0,0,0.020110997616756974,Low
0,0,0.011671991244273197,Low
0,0,0.08717505607728127,Low
0,0,0.01151403759069484,Low
0,0,0.00130044195024433,Low
0,1,0.5424058924795627,High
0,0,0.1700874277741505,Low
0,0,0.03238008370423802,Low
0,0,0.0005816361190165196,Low
0,0,0.010080915438061767,Low
0,0,0.20420996406648845,Low
0,0,0.010322329849056582,Low
0,0,0.07706018714892826,Low
0,0,0.01795346092974894,Low
1,1,0.9955604692015099,Very High
0,0,0.09022888916858962,Low
0,0,0.004769345582469348,Low
0,0,0.10921402636808465,Low
0,0,0.007478657261149457,Low
1,1,0.9997294529774652,Very High
0,0,0.2074005239900979,Low
0,0,0.14795049550175546,Low
0,0,0.0063435363066970465,Low
0,0,0.032268750267521684,Low
0,0,0.0674137452360247,Low
0,0,0.001118489798139714,Low
0,0,0.1423868219891172,Low
0,0,0.006223618940773598,Low
0,0,0.0016207979743879254,Low
1,1,0.9037256586904004,Very High
0,0,0.00467498873121951,Low
1,1,0.9988292052417809,Very High
0,0,4.092000958813956e-05,Low
0,0,0.08419442265269526,Low
0,0,0.05319333413713297,Low
0,0,0.01667462129096973,Low
0,0,0.11116061257856895,Low
0,0,0.0013981018581064066,Low
0,0,0.019168358888998305,Low
0,0,0.05082717847754338,Low
0,0,0.0022638541427902913,Low
0,0,0.012479866840188831,Low
0,0,0.006465933971346489,Low
0,0,0.0075455480803676474,Low
0,0,0.009625335164303127,Low
0,0,0.005816377887036693,Low
0,0,0.0003819007306419751,Low
0,0,0.3006970914415878,Medium
0,0,0.005318372023516225,Low
0,0,3.146323498084301e-05,Low
0,0,0.037424193551976306,Low
0,0,0.02455247180548839,Low
0,1,0.5819599999093219,High
1,1,0.9971318981743439,Very High
0,0,0.009205575083639651,Low
0,0,0.004681157982170066,Low
0,0,0.04160554028498979,Low
0,1,0.7429717745400922,High
0,0,0.031008274790618042,Low
0,0,0.009207888039486908,Low
0,0,0.00018015236421934443,Low
0,0,0.0027431788074056486,Low
0,0,0.024976056155117686,Low
0,0,0.02367866706768049,Low
0,0,0.09047229339031632,Low
0,0,0.04200698457768759,Low
0,0,0.014390774319463081,Low
0,0,0.07154217853860409,Low
0,0,0.03001318452493111,Low
0,0,0.24047202536198148,Low
0,0,0.08733248851227651,Low
0,0,0.019054975186859432,Low
0,0,0.008732033088681007,Low
0,0,0.02095734601325245,Low
0,0,0.004568264383761167,Low
0,0,0.009795561645848674,Low
0,1,0.7705405279155455,Very High
1,1,0.9953837270034418,Very High
0,0,0.017346432428594936,Low
0,0,0.17135010042046347,Low
0,0,0.009454887844328084,Low
0,0,0.014749294125465858,Low
0,0,0.004550399176293324,Low
0,0,0.0007783850647281156,Low
0,0,0.021680067049029382,Low
0,0,0.00012291605745992624,Low
0,0,0.03064591171816621,Low
0,0,0.0146676780665802,Low
0,0,0.0019073011693234382,Low
0,0,0.0003793139594956373,Low
0,0,0.012938713051559208,Low
0,0,0.01779561094735508,Low
0,0,0.16570604777247705,Low
0,0,0.11445124206497896,Low
0,0,0.0002703263297671589,Low
0,0,0.007843085806053227,Low
0,0,0.002425004219269705,Low
0,0,0.012357894850496253,Low
0,0,0.04026762369977565,Low
0,0,0.008571820395943584,Low
0,0,0.0034398237947306704,Low
0,0,0.010131893463846605,Low
0,0,0.0002832282522854357,Low
0,0,7.244718574787522e-05,Low
0,0,0.02030562403752854,Low
0,0,0.0022367467138420124,Low
0,0,0.024847117524779683,Low
0,0,0.09646730639466955,Low
0,0,0.0002465036368231711,Low
0,0,0.04668172989680071,Low
0,0,0.0023409839486851812,Low
0,1,0.6236090170183554,High
1,1,0.9987085516553555,Very High
0,0,0.0023074084322289618,Low
0,0,0.003941664659360777,Low
0,0,0.006039374633983568,Low
0,0,0.003695037700719378,Low
0,0,0.03823057247748651,Low
0,0,0.010602061798533723,Low
0,0,0.009889082502468387,Low
0,0,0.11146220778850573,Low
0,0,0.18483620760827713,Low
0,0,0.43532416708244465,Medium
0,0,0.18828277020455375,Low
0,0,0.02220177372867518,Low
0,0,7.37950883366056e-05,Low
0,0,0.005181861759729398,Low
0,0,0.0031964915918317855,Low
0,0,0.06122571195874557,Low
0,0,0.045666158119130565,Low
0,0,0.34610499845367726,Medium
1,1,0.998763995158779,Very High
0,0,0.03235050365099509,Low
0,0,0.011382796042109383,Low
0,0,0.023447861972616314,Low
0,0,0.010471588228116195,Low
0,0,0.012576673988013294,Low
0,0,0.0736704627852629,Low
0,0,0.07186988723054015,Low
0,0,2.7179944832314612e-05,Low
0,0,0.011522658060758133,Low
0,0,0.12940341824382384,Low
0,0,0.009763994764783963,Low
0,0,0.2186298101593107,Low
0,0,0.06263378581479666,Low
0,0,0.005189448571926692,Low
0,0,0.00013697705763282623,Low
0,0,0.19916374938608117,Low
0,0,0.02969749922388078,Low
0,0,0.05773021539051989,Low
0,0,0.0023751943730527894,Low
0,0,0.151165128353292,Low
0,0,0.3521525478298484,Medium
0,0,0.00895979227391734,Low
0,0,0.06253972267660861,Low
0,0,0.02983085412407081,Low
0,0,0.11784540549336399,Low
0,0,0.07882920774655175,Low
0,0,0.30360556252786874,Medium
0,0,0.010452438859489748,Low
0,0,0.01158210142847342,Low
0,0,0.02157535342642243,Low
0,0,0.04393329687654423,Low
0,0,0.000723052549579971,Low
0,0,0.015357419302077988,Low
0,1,0.7086972373802906,High
0,0,0.23493074170493622,Low
0,1,0.7942131411093398,Very High
0,0,0.06113701317970364,Low
0,0,0.16692295517609873,Low
0,0,0.028170682941612544,Low
1,0,0.010663255728225076,Low
0,1,0.7590422290625751,Very High
0,0,0.015081100178016464,Low
0,0,0.04801381796505421,Low
0,0,0.0005132772723896802,Low
0,0,0.10215263742637508,Low
0,0,0.0030900724476893696,Low
0,0,0.09900391417913275,Low
0,0,0.020402300121372764,Low
0,0,0.025091711547498372,Low
0,0,0.0003489767365267984,Low
0,0,0.011298031984572951,Low
0,0,0.06493616786023254,Low
0,0,0.004387506522277139,Low
0,0,0.1802411839401285,Low
0,0,0.17874070918586493,Low
0,0,7.557907943557555e-05,Low
0,0,0.004142051675242339,Low
0,0,0.0028681860106221035,Low
0,0,0.015519667852163839,Low
0,0,0.004959173456891643,Low
0,1,0.5463067364657443,High
0,0,0.09148476404655707,Low
0,0,0.004096255245692586,Low
0,0,0.21008316466788537,Low
0,0,0.0049440557529993445,Low
0,0,0.03042500799064365,Low
0,0,0.004961145655864017,Low
0,0,0.09430111806020301,Low
0,0,0.41572176253915305,Medium
0,0,0.013165121097624992,Low
0,0,0.014233744699020503,Low
0,0,0.22190944456557676,Low
0,1,0.661967138622849,High
0,0,0.2454138810586808,Low
0,0,0.4154841920982441,Medium
0,0,0.05476126963520652,Low
0,0,0.27579081422080065,Medium
0,0,0.16143130746020917,Low
0,0,5.242398194512258e-05,Low
0,0,0.013800159397940817,Low
0,0,0.013915860126735147,Low
0,0,0.0001017750346919124,Low
0,0,0.06377736736857968,Low
0,1,0.50030256348833,High
0,0,0.02967966557768713,Low
0,0,0.010698929040141032,Low
0,0,0.004145196465588308,Low
0,0,0.01644702177768231,Low
0,0,0.0116695204097353,Low
0,0,0.043467294674205015,Low
0,0,0.016523686205310868,Low
0,0,0.18887363738026913,Low
0,0,8.122951376833535e-05,Low
0,0,0.20138808813418535,Low
0,0,0.0026919283537077555,Low
0,0,0.04128890309215339,Low
0,0,0.019304640058072038,Low
0,0,0.2738132079852867,Medium
0,0,0.019135620476471257,Low
0,0,0.001547845746773615,Low
0,0,0.2354228401424553,Low
0,0,0.020759652652639942,Low
0,0,0.10425489648765608,Low
0,0,0.2600030820345479,Medium
0,0,0.2922792139143101,Medium
0,0,0.016287143994641484,Low
0,0,0.16091985197088152,Low
0,0,0.00010152815108147228,Low
0,0,0.007293899276224535,Low
0,0,0.013713132223729134,Low
0,0,0.08051870398542342,Low
0,0,0.39475301909444777,Medium
0,1,0.5072346390623631,High
0,0,0.0025080782469946374,Low
0,0,0.06156058019346063,Low
0,0,0.07300006032611014,Low
0,0,0.021750725459200138,Low
0,0,0.0719229528834919,Low
0,0,0.06242577446999013,Low
0,0,0.003972975852927538,Low
0,0,0.034219378632112024,Low
0,0,0.10518632786365091,Low
0,0,0.2760015070665353,Medium
0,0,0.15240258339532076,Low
0,0,0.1053165455633552,Low
0,0,0.0005605501757449887,Low
0,0,0.03145750491192207,Low
1,1,0.9994708192548912,Very High
0,0,0.03805720991339394,Low
0,0,0.012537028822441182,Low
0,0,0.03523700503655241,Low
0,0,0.23652463520820505,Low
0,0,0.0069016645611105895,Low
0,0,0.030868500240046837,Low
0,0,0.0017113733015272031,Low
0,0,0.022237838880368576,Low
0,0,0.20597178646777003,Low
0,0,0.015426114428623268,Low
0,0,0.4390431012551821,Medium
0,0,0.022599815758840177,Low
0,0,0.0010720958039607345,Low
0,0,0.06566199768844215,Low
0,0,0.05402754029762484,Low
0,0,0.2130732448311245,Low
0,0,0.010123906445054114,Low
0,0,0.007248138099112529,Low
0,0,0.06878679499168006,Low
0,0,0.0010743206058046032,Low
0,0,0.030225016573078425,Low
0,0,0.025265999405975452,Low
0,0,0.0005610071811704758,Low
0,0,0.0406604920136145,Low
0,0,0.02723939691110156,Low
0,0,0.06469516504209952,Low
0,1,0.5459269935681398,High
0,0,0.013029059011617744,Low
1,1,0.9996050267235742,Very High
0,0,0.05540445674196292,Low
0,0,0.015525466501855212,Low
0,0,0.18400743184527393,Low
0,0,0.006949870880799562,Low
0,0,0.011624109055657968,Low
0,0,0.0016422038245457442,Low
0,0,0.29392092064452013,Medium
0,0,0.4598417865503274,Medium
0,0,0.1940556331728418,Low
0,0,0.14209677321001002,Low
0,0,0.20885768913706845,Low
0,0,0.4533251299650706,Medium
0,0,0.05512228188169485,Low
0,0,0.0002503603911884162,Low
0,0,0.04413668903826336,Low
0,0,0.0015220264763604356,Low
0,0,0.02203524510735156,Low
0,0,0.025762485092151125,Low
0,0,0.00024003540837322997,Low
0,0,0.42212911143120235,Medium
0,0,0.0012559499451964564,Low
0,0,0.004551916647050351,Low
0,0,0.3925916097221754,Medium
0,0,0.004302267449314873,Low
0,0,0.13901701792637053,Low
0,0,0.09778081009602071,Low
0,0,0.007748331701294095,Low
0,0,0.005767236886123032,Low
0,0,0.0021411809745067443,Low
0,0,8.129340750518603e-05,Low
0,0,0.07654059436363872,Low
0,0,0.005783045849195734,Low
0,0,0.0141061958048046,Low
0,0,0.002584754256586112,Low
0,0,0.032835218005659125,Low
0,0,0.13379672993075728,Low
0,0,0.04794365957288253,Low
0,0,0.019626298643652257,Low
0,0,0.0858232745212096,Low
0,0,0.2391141777259894,Low
0,0,0.0026106752215019086,Low
0,0,0.0013238943507704853,Low
0,0,0.005297091921707226,Low
0,0,0.01621398983937088,Low
0,0,0.0062343236236801465,Low
0,0,0.022976129774771238,Low
0,0,0.05543220115898727,Low
0,0,0.11206391724173283,Low
0,0,0.0175108369843005,Low
0,0,0.025435014176543657,Low
0,0,0.048105943298366385,Low
0,0,0.0009116980337812316,Low
0,0,0.06633521040638103,Low
0,0,0.20596898382215123,Low
0,0,0.0962790441442094,Low
0,0,0.006172522868925076,Low
0,0,7.2548922228266e-05,Low
0,0,0.015183692964305426,Low
0,0,0.006848277896980281,Low
0,0,0.026548292115770502,Low
0,0,0.0531114513802606,Low
0,0,0.07301574124462534,Low
0,0,0.3066164097575737,Medium
0,0,0.03758472760455718,Low
0,0,0.0006242894897464366,Low
0,0,0.025079681241698633,Low
0,0,0.045137517400150026,Low
0,0,0.04286848251613613,Low
0,0,0.34548965551382604,Medium
0,0,0.008835320918370169,Low
0,0,0.38414348411562715,Medium
0,0,0.008177347504469393,Low
0,0,0.05103483540367275,Low
0,0,0.040535369334583335,Low
0,0,0.003079123581100302,Low
0,0,0.000930205105493937,Low
0,1,0.6868279409975373,High
0,0,0.016531211082818326,Low
0,0,0.00025600367618259595,Low
0,0,0.001335695615120591,Low
0,0,0.003912343906548654,Low
0,1,0.8884207558560061,Very High
0,1,0.7679623647169587,Very High
0,0,1.6322230534587714e-05,Low
0,0,0.006792725287979452,Low
0,0,0.0003577385281251633,Low
0,0,0.01999414783508793,Low
1,1,0.9897516486016278,Very High
0,0,0.00016594471874283685,Low
0,0,0.0009782554326863346,Low
0,0,0.032098883801625566,Low
1,1,0.9858530549376012,Very High
0,0,0.0339363149375947,Low
0,0,0.00014187234379298337,Low
0,0,0.014065962787290278,Low
0,0,0.029605045296358396,Low
0,0,0.010512814840850716,Low
0,0,0.011808693536054841,Low
0,0,0.004355559065418261,Low
0,0,0.008803522279571305,Low
0,0,0.039966559359137566,Low
0,0,0.0010815884802391495,Low
0,0,0.016922146760017295,Low
0,0,9.167317073722898e-05,Low
0,0,0.0008928892536161174,Low
0,0,0.024708257826483296,Low
0,0,0.032178510752268956,Low
0,0,0.11080058797576778,Low
0,0,0.030451951850037184,Low
0,1,0.5892054217103234,High
0,0,0.3906014851132412,Medium
0,0,0.022200357808886642,Low
0,0,0.33407552217725794,Medium
0,0,9.877283070727541e-05,Low
0,0,0.00699588892562573,Low
0,0,0.002667211659598187,Low
0,0,0.2502251738837413,Medium
0,0,0.006858822642174009,Low
0,0,0.32944439930336916,Medium
0,0,0.052574193456904846,Low
0,0,0.02123383880536933,Low
0,0,0.29164834621159863,Medium
0,0,0.029337326440320416,Low
0,0,0.013161344566923357,Low
0,0,0.012436609546238094,Low
0,0,2.644523936703379e-05,Low
0,0,0.017904358890583134,Low
0,0,0.0009832636277619688,Low
0,0,0.21020582867483026,Low
0,0,0.0014676990338005284,Low
0,0,0.03219045012129783,Low
0,0,0.047374075823207774,Low
0,0,0.00022919949474613794,Low
0,0,0.0001559672039716085,Low
0,0,0.05556037952533368,Low
1,1,0.9940512585569147,Very High
0,0,0.11119452648142214,Low
0,0,0.2830607138045718,Medium
0,0,0.09563209539017462,Low
0,0,0.20784238872288363,Low
0,0,0.11641164230721536,Low
0,0,0.022280232518937276,Low
0,0,0.06100143537487069,Low
0,1,0.5652471703778482,High
0,0,0.0073904716589127,Low
0,0,6.962109511111555e-05,Low
0,0,0.4774954671236908,Medium
0,0,3.0291124498961808e-05,Low
0,0,0.03858874421009331,Low
0,0,0.0240679433401729,Low
0,0,0.3901462459812187,Medium
0,0,0.01809732843567742,Low
0,0,0.004285664852514723,Low
0,0,0.07078852133424343,Low
0,0,0.21631132946519416,Low
0,0,0.014704376440601763,Low
0,1,0.5078679486494633,High
0,0,0.0003993486656080117,Low
0,0,0.0032592536883373218,Low
0,0,0.0463035133401995,Low
0,0,0.037710191155096905,Low
0,0,0.3826054152528771,Medium
0,0,0.10713922468305397,Low
0,0,0.14040036248498355,Low
0,0,0.28562740863736774,Medium
0,0,0.020159439877208,Low
0,0,0.10798601920812814,Low
0,0,0.0202037545338717,Low
0,0,0.02295831157109791,Low
0,0,0.024872335543327524,Low
0,0,0.00847466994069509,Low
0,0,0.28989666822636995,Medium
0,0,0.04270560362421246,Low
0,0,0.051185766933365476,Low
1,1,0.9999998073179086,Very High
0,0,0.10953375668073764,Low
0,0,0.0031994615056913996,Low
0,0,0.009472822250473637,Low
0,0,0.004719963489886665,Low
0,0,0.12148557553369828,Low
0,0,0.07311895003042707,Low
0,0,0.03361115183512978,Low
0,0,0.02300379267978445,Low
0,0,0.0030734379527686487,Low
0,0,0.04178993511618525,Low
0,0,0.004176376546849351,Low
0,0,0.00029197575123098685,Low
0,0,0.07272896985054612,Low
1,1,0.9967477531097705,Very High
0,0,0.0009031216121143072,Low
0,0,0.15718581314715283,Low
0,0,0.3497777584614659,Medium
0,0,0.1611593604957561,Low
0,0,0.0031082205313264374,Low
0,0,0.08389993634087228,Low
0,0,0.023573651379806496,Low
0,0,0.00100036492303833,Low
0,0,0.1391783985664936,Low
0,1,0.5042371594572672,High
0,0,0.24522283969965322,Low
0,0,0.00011309025976717407,Low
0,0,0.029538887511531418,Low
0,0,4.121355330989931e-05,Low
0,0,0.00982562829676542,Low
0,0,0.02920815701561088,Low
0,0,0.12357068257081787,Low
0,0,0.14986455178305258,Low
0,0,0.21385379341352836,Low
0,0,0.16821417551471168,Low
0,0,0.05587545670307536,Low
0,0,0.02383628449151919,Low
0,0,0.08815135909296479,Low
0,1,0.7678321003048972,Very High
0,0,0.03781785950159343,Low
0,0,0.046358651588418176,Low
0,0,0.07665523020038591,Low
0,0,0.01007436191384622,Low
0,0,0.49089611691874036,Medium
0,0,0.023801479492860857,Low
0,0,0.2549930848165484,Medium
0,0,2.7483508055753244e-05,Low
0,0,0.01630694363144012,Low
0,0,0.03940511806230411,Low
0,0,0.1668178528223179,Low
0,0,0.0025156314488055187,Low
